date,race,class,distance,surface,colour,horse_no,Last 5 Runs,horse_name,EA,gear,jockey,trainer,barrier,rating,Wt,Desc,Sire,Dam,Owner,Rating + / -,c_wt
16/08/2019,1,C5,1400,T,,1,9003,KRANJI GOLD,,,M RODD,R LE GRANGE,8,48,60,5yo B AUS G SH,HUSSONET (USA),EXALTED DREAM (AUS),GOLD STABLE,-,60
16/08/2019,1,C5,1400,T,,2,*4*03,LOOKS GOOD,,,R WOODWORTH,D MEAGHER,4,48,60,6yo B AUS G SH,COURT COMMAND (AUS),AUGUSTINA (NZ),MEAGHERSOON STABLE,-,60
16/08/2019,1,C5,1400,T,,3,2461*,ROYAL PAVILION,,B,V DURIC,M CLEMENTS,6,47,59.5,4yo B AUS G SH,CASINO PRINCE (AUS),MILITARY BLONDE (AUS),TIVIC STABLE,7,59.5
16/08/2019,1,C5,1400,T,,4,580*5,BORN TO WIN,,B,S NOH -1,J O'HARA,2,46,59,4yo BR NZ G SH,HARADASUN (AUS),PURE SATIN (NZ),RX STABLE,-,58
16/08/2019,1,C5,1400,T,,5,90272,GOLDEN THUNDER,,"B, TT",TH KOH -1,CT KUAH,11,46,59,5yo B IRE G NH,LILBOURNE LAD (IRE),PIACENZA (IRE),MY MAN STABLE,1,58
16/08/2019,1,C5,1400,T,,6,*0*97,LIM'S FORCE,,"B, TT, EM",APP WH KOK -3,S BURRIDGE,7,46,59,6yo CH AUS M SH,FOXWEDGE (AUS),CALMING (AUS),LIM'S STABLE,-2,56
16/08/2019,1,C5,1400,T,,7,*3690,PRINCE PEGASUS,,VIS,R ZAWARI -1,M WALKER,9,46,59,6yo B AUS G SH,BENETEAU (AUS),SASSY PEG (AUS),FAIRDEAL STABLE,-2,58
16/08/2019,1,C5,1400,T,,8,*67*5,BASILISK,,SR,APP J SEE -2,L KHOO,3,44,58,5yo B NZ G SH,BATTLE PAINT (USA),DANGEROUS SEAS (AUS),TAN LE EN,-2,56
16/08/2019,1,C5,1400,T,,9,9990,LARCENY,,,P MOLONEY,S GRAY,10,44,58,8yo CH AUS G SH,TIME THIEF (AUS),TYCOON TESS (AUS),THE BRONS OWLES STABLE,-2,58
16/08/2019,1,C5,1400,T,,10,66008,SILVER JOY,,"B, TT",A COLLETT,RB MARSH,5,44,58,4yo BR AUS G SH,ALL AMERICAN (AUS),RAINBOW QUEEN (AUS),TTS NO 2 STABLE,-2,58
16/08/2019,1,C5,1400,T,,11,60000,I'M THE MAN,,B,APP R ISKANDAR -3,DL FREEDMAN,1,42,57,3yo CH IRE G NH,DANDY MAN (IRE),ANTHYLLIS (IRE),LUCKY STABLE,-2,54
16/08/2019,2,M,1100,P,,2,330,EASY SOUTH EAST,,TT,APP S SHAFRIZAL -2,J PETERS,2,50,57.5,4yo B NZ G SH,SUPER EASY (NZ),HEPBURN (NZ),JASS STABLE,-,55.5
16/08/2019,2,M,1100,P,,3,,COMING THROUGH,,,S NOH -1,D KOH,7,,57.5,4yo B NZ G SH,EL HERMANO (NZ),TRIONA (NZ),TAN HUAT,-,56.5
16/08/2019,2,M,1100,P,,4,33,GOLDEN KID,,,APP WH KOK -3,J LIM,3,,57.5,4yo B/BR NZ G SH,PER INCANTO (USA),JUST CASUAL (NZ),RONG STABLE,-,54.5
16/08/2019,2,M,1100,P,,5,8,KADIMA,,TT,D MOOR,J LIM,9,,57.5,4yo CH USA G NH,DATA LINK (USA),SIMSATIONAL (USA),KADIMA NO 2 STABLE,-,57.5
16/08/2019,2,M,1100,P,,6,53*,STAR FIFTYTWO,,,S JOHN,L DRAGON,6,,57.5,4yo B AUS G SH,DENMAN (AUS),ONEWORLD ONEDREAM (AUS),FIVE TWO KINGDOM RACING STABLE,-,57.5
16/08/2019,2,M,1100,P,,7,,VICTORY JOY,,"PP, EM",Z ZURIMAN -1,L KHOO,5,,57.5,4yo B NZ G SH,HARADASUN (AUS),TROIA (NZ),Y & G STABLE,-,56.5
16/08/2019,2,M,1100,P,,8,3009,HOSTWIN QUEEN,,"B, EM",I SAIFUDIN,HW TAN,1,43,56,4yo BR/GR AUS M SH,THE FACTOR (USA),MORE THAN PROMISED (USA),HOSTWIN STABLE,-3,56
16/08/2019,2,M,1100,P,,9,70,COMECATCHME,,EM,APP J SEE -2,ZL MOK,4,42,55,3yo B IRE G NH,CAMACHO (GB),FOXTROT PEARL (IRE),FRIENDSHIP STABLE,-4,53
16/08/2019,3,C4,1100,P,,1,70551,SOLDADO,,"B, TT",APP WH KOK -3,S BAERTSCHIGER,1,67,60,7yo CH NZ G SH,PINS (AUS),REGAL ASH (GB),SOLDADO STABLE,6,57
16/08/2019,3,C4,1100,P,,2,69410,COUNTRY BOSS,,B,APP A SYAHIR -3,KS TAN,7,66,59.5,6yo B NZ G SH,GUILLOTINE (NZ),NO PORSCHE NEEDED (USA),COUNTRY BOSS STABLE,-,56.5
16/08/2019,3,C4,1100,P,,3,6*930,LIM'S SHOT,,,CS CHIN -3,J TAN,5,65,59,7yo BR NZ G SH,SHOWCASING (GB),LUCINDA JANE (NZ),JT RACING STABLE,-2,56
16/08/2019,3,C4,1100,P,,4,*0*24,JUSTICE LIGHT,,TT,APP J SEE -2,KY YOUNG,2,62,57.5,6yo B/BR NZ G SH,DARCI BRAHMA (NZ),AMARYLLIS (NZ),ALLIANCE STABLE,-1,55.5
16/08/2019,3,C4,1100,P,,5,33130,LIM'S PASSION,,,R WOODWORTH,S BURRIDGE,13,59,56,4yo CH AUS G SH,SHOW A HEART (AUS),PURFECTRESS (AUS),LIM'S STABLE,-,56
16/08/2019,3,C4,1100,P,,6,03*5*,PIONEER SEVEN,,"TT, EM",D MOOR,ZL MOK,12,55,54,10yo B AUS G SH,FLYING PEGASUS (AUS),ENTERPRISING LADY (AUS),CHIONH TECK SWEE,-,54
16/08/2019,3,C4,1100,P,,7,*5*10,BIG ELEPHANT,,"B, TT",A COLLETT,D LOGAN,4,53,53,4yo BR AUS G SH,KUROSHIO (AUS),WALVIS BAY (NZ),PCO RACING STABLE,-,53
16/08/2019,3,C4,1100,P,,8,19009,REIGN,,TT,P MOLONEY,J O'HARA,3,53,53,5yo B NZ G SH,POWER (GB),BEEJAY BELLE (NZ),TOAST TRUSTS & J. HO STABLE,-2,53
16/08/2019,3,C4,1100,P,,9,7017,FOREVER GOOD,,B,APP R ISKANDAR -3,KY YOUNG,6,52,52.5,4yo B NZ G SH,BATTLE PAINT (USA),LADY LIMONCELLO (NZ),DDD STABLE,-,49.5
16/08/2019,3,C4,1100,P,,10,83*43,NORTHERN SUN,,B,CC WONG,D KOH,10,52,52.5,6yo B AUS G SH,NORTHERN METEOR (AUS),OPAQUE (AUS),SUN BLOODSTOCK RACING STABLE,-,52.5
16/08/2019,3,C4,1100,P,,11,9*000,DASH,,,TH KOH -1,J LIM,11,51,52,6yo B AUS G SH,KAPHERO (AUS),BEST OF YOU (AUS),LITTLE GREEN STABLE,-2,51
16/08/2019,3,C4,1100,P,,12,11798,RED RIDING WOOD,,B,MM FIRDAUS -1,M WALKER,9,49,51,6yo B/BR NZ G SH,REDWOOD (GB),DREAMCATCHER (NZ),JOE GIOVANNI SARJEET SINGH,-2,50
16/08/2019,3,C4,1100,P,,13,**7*5,ELITE BEAST,E1,"TT, SR",APP CK NG -3,J TAN,8,49,51,7yo BR AUS G SH,DANE SHADOW (AUS),SNIPPET STREET (AUS),ELITE PERFORMANCE NO 2 STABLE,-2,48
16/08/2019,4,C4,1400,T,,1,42335,LORD OF CLOUD,,"B, TT",APP WH KOK -3,KY YOUNG,2,66,59.5,5yo B NZ H SH,NIAGARA (AUS),MISS JEAN BRODIE (NZ),BILLION DOLLARS STABLE,-1,56.5
16/08/2019,4,C4,1400,T,,2,3,ABSOLUTE MIRACLE,,B,A COLLETT,RB MARSH,5,62,57.5,7yo B AUS G SH,STRATEGIC MANEUVER (AUS),DREAMS AND DESIRES (AUS),TORPEDO RACING STABLE,-,57.5
16/08/2019,4,C4,1400,T,,3,90548,GALILEO'S APPROACH,,"B, TT",M KELLADY,S BAERTSCHIGER,8,60,56.5,7yo B AUS G SH,NEW APPROACH (IRE),REDESIGN (AUS),GALILEO'S APPROACH STABLE,-2,56.5
16/08/2019,4,C4,1400,T,,4,4,SUN SNIPER,,BB,V DURIC,DL FREEDMAN,10,58,55.5,4yo BR AUS H SH,REDOUTE'S CHOICE (AUS),TIMBOURINA (AUS),SUN BLOODSTOCK RACING STABLE,-,55.5
16/08/2019,4,C4,1400,T,,5,59073,BLACK QUAIL,,VIS,R WOODWORTH,M WALKER,3,55,54,6yo BR NZ G SH,COATS CHOICE (AUS),SEFIDI (NZ),NATUZZI RACING STABLE,-,54
16/08/2019,4,C4,1400,T,,6,9*228,OVERCOMING,,,D MOOR,J PETERS,7,54,53.5,4yo B IRE G NH,KODIAC (GB),CAUSEWAY CHARM (USA),CHINA HORSE CLUB STABLE,-2,53.5
16/08/2019,4,C4,1400,T,,7,3170,GOLDEN DASH,,SR,APP T KRISNA -3,R LE GRANGE,9,51,52,3yo BR ARG G SH,SUGGESTIVE BOY (ARG),HEDA (ARG),GOLD & CHELSEA STABLE,-1,49
16/08/2019,4,C4,1400,T,,8,*96*1,RUNMINDERBINDERRUN,,B,APP I AMIRUL -1,S GRAY,4,50,51.5,4yo B AUS G SH,SMART MISSILE (AUS),TIFFINCO (AUS),SEMPER ANTICUS STABLE,7,50.5
16/08/2019,4,C4,1400,T,,9,25*07,PENNSYLVANIA,,,APP CK NG -3,J TAN,6,48,50.5,5yo GR/RO USA G NH,THE FACTOR (USA),SEEKING LUCK (USA),T & T STABLE,-1,47.5
16/08/2019,4,C4,1400,T,,10,990*0,SILVER WAY,,"B, TT",TH KOH -1,RB MARSH,1,48,50.5,4yo B AUS G SH,ANACHEEVA (AUS),ARRIVEZ MEME (AUS),TTS NO 2 STABLE,-3,49.5
16/08/2019,5,C5,1400,T,,1,*2280,LIM'S HONOUR,,B,CS CHIN -3,D MEAGHER,6,42,60,4yo BR/GR NZ G SH,RELIABLE MAN (GB),FINAL VIEW (NZ),LIM'S STABLE,-2,57
16/08/2019,5,C5,1400,T,,2,778*7,ANALYST,,,R ZAWARI -1,M WALKER,11,41,59.5,4yo B/BR AUS G SH,DARCI BRAHMA (NZ),PINS 'N' NEEDLES (NZ),TE AKAU RACING STABLE,-2,58.5
16/08/2019,5,C5,1400,T,,3,79140,WEST NORTH HILL,,"B, TT",TH KOH -1,J LIM,4,41,59.5,5yo B GB G NH,MAYSON (GB),FACIASCURA (GB),TAN SOON KHING DAVID,-1,58.5
16/08/2019,5,C5,1400,T,,4,40*00,LUCKY TIGER,,"WK, SR",L BEUZELIN,RB MARSH,5,40,59,6yo BR AUS G SH,CHAMPIONS GALLERY (GB),TUMBI UMBI (NZ),TTS NO 3 STABLE,-2,59
16/08/2019,5,C5,1400,T,,5,9930,WILDFIRE,,B,R WOODWORTH,M WALKER,2,39,58.5,6yo B NZ G SH,DARCI BRAHMA (NZ),BEAUTIFUL GIRL (NZ),FORTUNA NZ RACING STABLE,-2,58.5
16/08/2019,5,C5,1400,T,,6,765*9,KING WARRIOR,,WK,APP WH KOK -3,L KHOO,9,35,56.5,5yo B NZ G SH,ALAMOSA (NZ),CLASSICAL (NZ),HE'S DAWAN STABLE,-2,53.5
16/08/2019,5,C5,1400,T,,7,98089,MIRACLE TIME,,,V DURIC,S GRAY,10,35,56.5,5yo B NZ G SH,ALAMOSA (NZ),LADY OF MIRACLES (NZ),LINCOLN FARMS & WELLFIELD LODGE STABLE,-2,56.5
16/08/2019,5,C5,1400,T,,8,*83*7,VENUS DE MILO,,B,I AZHAR,M WALKER,3,35,56.5,5yo B NZ M SH,BURGUNDY (NZ),BREEZED (AUS),FORTUNA NZ RACING STABLE,-2,56.5
16/08/2019,5,C5,1400,T,,9,366*2,GANGNAM CLASSIC,,TT,S NOH -1,J SAIMEE,7,34,56,5yo B IRE G NH,DREAM AHEAD (USA),BORA BLUES (GB),SAIMEE BIN JUMAAT,2,55
16/08/2019,5,C5,1400,T,,10,70007,TIGER BOSS,,B,A COLLETT,S GRAY,8,34,56,4yo B/BR AUS H SH,MORE THAN READY (USA),DREAM AND EXCEL (AUS),KING POWER STABLE,-2,56
16/08/2019,5,C5,1400,T,,11,075*7,EXCELLENT MOON,,"TT, VIS",APP T KRISNA -3,H TAKAOKA,1,32,55,4yo B AUS G SH,EXCELEBRATION (IRE),BETTER LIFE (AUS),SUZUKA RACING STABLE,-2,52
16/08/2019,6,C4,1400,T,,1,,BUDDY BUDDY,,,S NOH -1,J SAIMEE,5,66,59.5,5yo B IRE G NH,DUBAWI (IRE),BORN SOMETHING (IRE),BUDDY BUDDY STABLE,-,58.5
16/08/2019,6,C4,1400,T,,2,9596,COMMAND ROYALE,,"WK, TT",P MOLONEY,D LOGAN,1,61,57,6yo B AUS G SH,COURT COMMAND (AUS),BRAZILIAN PRINCESS (NZ),LUI GARY,-2,57
16/08/2019,6,C4,1400,T,,3,5*253,GREEN STAR,,,APP WH KOK -3,J LIM,9,60,56.5,6yo B NZ G SH,IFFRAAJ (GB),PRINCESS PROSPERO (AUS),HONG KAI OH,-,53.5
16/08/2019,6,C4,1400,T,,4,73330,STREET PARTY,,B,D MOOR,J PETERS,3,56,54.5,4yo B AUS G SH,CONGRATS (USA),ROEDEAN (AUS),GREENSTREET & SHIRTLIFF RACING STABLE,-2,54.5
16/08/2019,6,C4,1400,T,,5,69890,DREAMER LEGEND,,WK,L BEUZELIN,RB MARSH,7,54,53.5,8yo CH NZ G SH,ANY SUGGESTION (AUS),DIGITAL IMAGE (NZ),CHENG POK MAN JOSEPH,-2,53.5
16/08/2019,6,C4,1400,T,,6,5261*,RAPIDASH,,TT,A COLLETT,C BROWN,2,54,53.5,6yo B/BR NZ G SH,BATTLE PAINT (USA),MISS PIROUETTE (NZ),BUFFALO STABLE,6,53.5
16/08/2019,6,C4,1400,T,,7,46618,SILVER SKY,,WK,I SAIFUDIN,J TAN,4,54,53.5,5yo B IRE G NH,FROZEN POWER (IRE),MERRY MOON (IRE),FORTUNE STABLE,-,53.5
16/08/2019,6,C4,1400,T,,8,077*0,WHOSE ELSE'S,,,APP I AMIRUL -1,S GRAY,10,53,53,8yo B AUS G SH,CASINO PRINCE (AUS),TURQUIA (AUS),TRIPLE M STABLE,-2,52
16/08/2019,6,C4,1400,T,,9,19*04,MINGS MAN,,"WK, TT",K A'ISISUHAIRI,RB MARSH,8,50,51.5,10yo B AUS G SH,NADEEM (AUS),UNROCEL TAP (AUS),TUDOR LODGE RACING STABLE,-1,51.5
16/08/2019,6,C4,1400,T,,10,*0360,ISTANA,,B,CC WONG,H TAKAOKA,6,48,50.5,5yo CH JPN H NH,CONDUIT (IRE),FLORAL PALACE (JPN),BIG VALLEY STABLE,-1,50.5
16/08/2019,6,C4,1400,T,,11,*0006,YULONG DREAM,,B,CS CHIN -3,L KHOO,11,48,50.5,4yo B IRE G NH,OASIS DREAM (GB),NUR JAHAN (IRE),YU LONG STABLE,-1,47.5
16/08/2019,7,C,1700,P,,1,72*00,TARGET,,"TT, EM",R WOODWORTH,D MEAGHER,5,77,59.5,6yo B USA G NH,WAR FRONT (USA),TEMPERENCE GIFT (USA),FALCON RACING NO 7 STABLE,-2,59.5
16/08/2019,7,C,1700,P,,2,00*02,WOLF WARRIOR,,,M RODD,HW TAN,8,73,58,4yo B/BR USA G NH,MIDNIGHT LUTE (USA),SEEKING THE GHOST (USA),CHIN HENG STABLE,1,58
16/08/2019,7,C,1700,P,,3,20214,MIGHTY EMPEROR,,B,V DURIC,R LE GRANGE,10,70,58,8yo B SAF G SH,KAHAL (GB),SWEET VIRGINIA (SAF),RICARDO LE GRANGE,-,58
16/08/2019,7,C,1700,P,,4,14*54,SUPERNOVA,,"P, TT",A COLLETT,RB MARSH,9,70,58,11yo B NZ G SH,ELUSIVE CITY (USA),OUR GIRL NELSON (AUS),TUDOR LODGE RACING STABLE,-,58
16/08/2019,7,C,1700,P,,5,124*9,CHOCOLATS,,"B, TT",M KELLADY,S BAERTSCHIGER,6,69,56.5,6yo B AUS G SH,FASTNET ROCK (AUS),ABSOLUTE JOY (NZ),MORE STABLE,-2,56.5
16/08/2019,7,C,1700,P,,6,1*551,FORESTO,,,APP WH KOK -3,DL FREEDMAN,3,69,56.5,5yo B AUS G SH,EXCELEBRATION (IRE),SWISS CURRENT (USA),KING POWER STABLE,6,53.5
16/08/2019,7,C,1700,P,,7,10*76,MAJESTIC EMPRESS,,,L BEUZELIN,R LE GRANGE,4,68,56.5,7yo CH NZ M SH,EKRAAR (USA),RACE EMPRESS (AUS),CHELSEA STABLE,-1,56.5
16/08/2019,7,C,1700,P,,8,46*49,CARNELIAN,,"B, EM",CC WONG,H TAKAOKA,1,53,52,7yo BR AUS M SH,STREET SENSE (USA),STRICTLY PERSONAL (AUS),SUZUKA RACING STABLE,-2,52
16/08/2019,7,C,1700,P,,9,48026,YULONG HONOR,,,APP T KRISNA -3,R LE GRANGE,7,52,52,5yo B IRE G NH,GALILEO (IRE),ADORATION (USA),TEAM CHEVAL & YU LONG STABLE,-,49
16/08/2019,7,C,1700,P,,10,99017,DIXIELAND ROCK,,"B, TT",P MOLONEY,D LOGAN,2,51,52,4yo BR AUS G SH,HUSSON (ARG),MEL'S POCKET (AUS),FALCON RACING NO 8 STABLE,-,52
16/08/2019,7,C,1700,P,,11,453*1,MIKCAIPHO,,B,APP CK NG -3,CT KUAH,11,50,52,6yo B AUS G SH,HARD SPUN (USA),SINUOUS (AUS),KUAH CHENG TEE,7,49
16/08/2019,8,C4,1100,P,,1,08**9,RED DAWN,,TT,APP WH KOK -3,S BAERTSCHIGER,3,67,60,8yo CH NZ G SH,ALIGN (AUS),DANNESS (NZ),AURIC STABLE,-2,57
16/08/2019,8,C4,1100,P,,2,414*2,LIM'S KNIGHT,,,R WOODWORTH,D MEAGHER,10,66,59.5,7yo B AUS G SH,KAPHERO (AUS),SOLAMINA (AUS),DANIEL FRANCIS MEAGHER,1,59.5
16/08/2019,8,C4,1100,P,,3,0*780,SIERRA CONQUEROR,,,APP J SEE -2,J TAN,9,65,59,5yo B AUS G SH,NICCONI (AUS),MI CHIAMO (AUS),B TWO STABLE,-2,57
16/08/2019,8,C4,1100,P,,4,31807,CLASSIFIED,,"TT, SR",P MOLONEY,RB MARSH,6,63,58,8yo BR NZ G SH,SAVABEEL (AUS),FIRE SONG (NZ),WARPLAN RACING STABLE,-2,58
16/08/2019,8,C4,1100,P,,5,*960*,WHISTLING WIN,,,J POWELL,L DRAGON,5,62,57.5,5yo CH AUS G SH,GOLDEN ARCHER (AUS),ALYSSA JEAN (AUS),TAN KAY CHUAN,-,57.5
16/08/2019,8,C4,1100,P,,6,48*80,RIVER GOLDEN,,,CC WONG,ZL MOK,8,60,56.5,7yo CH NZ G SH,NO EXCUSE NEEDED (GB),PEGGYLEE (NZ),HO PUI KIM,-2,56.5
16/08/2019,8,C4,1100,P,,7,7169,METAGROSS,,B,M ZAKI,KY YOUNG,13,56,54.5,5yo B AUS G SH,ROTHESAY (AUS),TOOTSIE ZYNSKY (AUS),HKH NO 2 STABLE,-1,54.5
16/08/2019,8,C4,1100,P,,8,32*63,SUPER WIN,,"B, TT",M KELLADY,HW TAN,7,53,53,4yo B AUS G SH,ZOUSTAR (AUS),ROSEBROOK (AUS),HAPPINESS COME STABLE,-,53
16/08/2019,8,C4,1100,P,,9,23745,YULONG FAST STEED,,B,D MOOR,J PETERS,4,53,53,5yo B IRE H NH,EXCEED AND EXCEL (AUS),MUCH FASTER (IRE),YU LONG STABLE,-2,53
16/08/2019,8,C4,1100,P,,10,8900*,FLYING YELLOW,,"B, TT",APP T KRISNA -3,CT KUAH,2,51,52,5yo CH NZ G SH,RELIABLE MAN (GB),FIORENZA (NZ),KUAH CHENG TEE,-2,49
16/08/2019,8,C4,1100,P,,11,*4339,HIDDEN PROMISE,,,MM FIRDAUS -1,M WALKER,11,50,51.5,7yo B NZ G SH,POSTPONED (USA),PROMISSORY (NZ),FORTUNA NZ RACING STABLE,-1,50.5
16/08/2019,8,C4,1100,P,,12,9*00*,LIM'S RHYTHM,,"BP, TT",APP M NIZAR -4,M WALKER,12,49,51,5yo BR NZ G SH,ROCK 'N' POP (AUS),PAIXANITO (NZ),BLACK WIDOW SANXING STABLE,-2,47
16/08/2019,8,C4,1100,P,,13,50000,MON ENERGY,E1,,APP R ISKANDAR -3,KY YOUNG,14,49,51,4yo B AUS G SH,MYBOYCHARLIE (IRE),CHA CHA CHESTNUT (AUS),TANG WENG FEI,-3,48
16/08/2019,8,C4,1100,P,,14,8*3*9,ELITE SAINT,E2,"TT, SR",APP CK NG -3,J TAN,1,48,50.5,4yo B/BR USA G NH,MORE THAN READY (USA),ST FRANCIS WOOD (USA),ELITE PERFORMANCE STABLE,-2,47.5